{"densenet_cifar10_FGSM_0": {"clf__nu": 0.012717205950749462, "clf__gamma": 0.09431233874964184}, "densenet_cifar10_FGSM_1": {"clf__nu": 0.0078125, "clf__gamma": 0.0002528952104457673}, "densenet_cifar10_FGSM_2": {"clf__nu": 0.0078125, "clf__gamma": 0.0001788370035842983}, "densenet_cifar10_FGSM_3": {"clf__nu": 0.020605483838902504, "clf__gamma": 3.0517578125e-05}, "densenet_cifar10_BIM_0": {"clf__nu": 0.009400231103107858, "clf__gamma": 0.009780314802250669}, "densenet_cifar10_BIM_1": {"clf__nu": 0.04145318503508271, "clf__gamma": 0.012283045770543554}, "densenet_cifar10_BIM_2": {"clf__nu": 0.01870098349685903, "clf__gamma": 0.014487161597244027}, "densenet_cifar10_BIM_3": {"clf__nu": 0.012598846771371203, "clf__gamma": 6.078275557100547e-05}, "densenet_cifar10_DeepFool_0": {"clf__nu": 0.011193170189633735, "clf__gamma": 3.0517578125e-05}, "densenet_cifar10_DeepFool_1": {"clf__nu": 0.0078125, "clf__gamma": 0.018686153099841032}, "densenet_cifar10_DeepFool_2": {"clf__nu": 0.12857121023449525, "clf__gamma": 9.863908505931415e-05}, "densenet_cifar10_DeepFool_3": {"clf__nu": 0.1225044921773086, "clf__gamma": 0.006209278882688353}, "densenet_cifar10_CWL2_0": {"clf__nu": 0.011343432434700892, "clf__gamma": 0.00013227225760650127}, "densenet_cifar10_CWL2_1": {"clf__nu": 0.041923568130121304, "clf__gamma": 0.028627274289946183}, "densenet_cifar10_CWL2_2": {"clf__nu": 0.11663649195702185, "clf__gamma": 0.01646817342420102}, "densenet_cifar10_CWL2_3": {"clf__nu": 0.05685841250258096, "clf__gamma": 0.00862199647596502}, "densenet_cifar100_FGSM_0": {"clf__nu": 0.08249243372677394, "clf__gamma": 0.0002808173434953345}, "densenet_cifar100_FGSM_1": {"clf__nu": 0.0078125, "clf__gamma": 3.0517578125e-05}, "densenet_cifar100_FGSM_2": {"clf__nu": 0.0078125, "clf__gamma": 3.0517578125e-05}, "densenet_cifar100_FGSM_3": {"clf__nu": 0.0204303803598483, "clf__gamma": 3.0517578125e-05}, "densenet_cifar100_BIM_0": {"clf__nu": 0.014128477849361375, "clf__gamma": 0.01750207854884413}, "densenet_cifar100_BIM_1": {"clf__nu": 0.0078125, "clf__gamma": 0.016970051354285233}, "densenet_cifar100_BIM_2": {"clf__nu": 0.06169857592093372, "clf__gamma": 0.0007933770379226105}, "densenet_cifar100_BIM_3": {"clf__nu": 0.020929223181199327, "clf__gamma": 0.004111458011997867}, "densenet_cifar100_DeepFool_0": {"clf__nu": 0.011030458925557646, "clf__gamma": 0.00011986321346376531}, "densenet_cifar100_DeepFool_1": {"clf__nu": 0.08812360125473559, "clf__gamma": 0.007830183579613764}, "densenet_cifar100_DeepFool_2": {"clf__nu": 0.046676889371550054, "clf__gamma": 0.010059422292711784}, "densenet_cifar100_DeepFool_3": {"clf__nu": 0.10790973229797995, "clf__gamma": 0.0002508604465530052}, "densenet_cifar100_CWL2_0": {"clf__nu": 0.0078125, "clf__gamma": 3.0517578125e-05}, "densenet_cifar100_CWL2_1": {"clf__nu": 0.12230618223740751, "clf__gamma": 0.009692352716234188}, "densenet_cifar100_CWL2_2": {"clf__nu": 0.13682815580118554, "clf__gamma": 3.351305553699409e-05}, "densenet_cifar100_CWL2_3": {"clf__nu": 0.11002890079287922, "clf__gamma": 3.0517578125e-05}, "densenet_svhn_FGSM_0": {"clf__nu": 0.0078125, "clf__gamma": 0.06098831581606362}, "densenet_svhn_FGSM_1": {"clf__nu": 0.0078125, "clf__gamma": 0.00025210132855706753}, "densenet_svhn_FGSM_2": {"clf__nu": 0.0078125, "clf__gamma": 4.878300215619284e-05}, "densenet_svhn_FGSM_3": {"clf__nu": 0.0078125, "clf__gamma": 3.0517578125e-05}, "densenet_svhn_BIM_0": {"clf__nu": 0.0078125, "clf__gamma": 0.00023207524088906774}, "densenet_svhn_BIM_1": {"clf__nu": 0.02173715560258573, "clf__gamma": 0.0002980473932656865}, "densenet_svhn_BIM_2": {"clf__nu": 0.04030309168606921, "clf__gamma": 0.0007633034932161305}, "densenet_svhn_BIM_3": {"clf__nu": 0.024495729809393303, "clf__gamma": 3.0517578125e-05}, "densenet_svhn_DeepFool_0": {"clf__nu": 0.0078125, "clf__gamma": 3.0517578125e-05}, "densenet_svhn_DeepFool_1": {"clf__nu": 0.014518697812825512, "clf__gamma": 0.001741620140914014}, "densenet_svhn_DeepFool_2": {"clf__nu": 0.02841196765877363, "clf__gamma": 3.0517578125e-05}, "densenet_svhn_DeepFool_3": {"clf__nu": 0.04548040762352862, "clf__gamma": 0.0004157905746430481}, "densenet_svhn_CWL2_0": {"clf__nu": 0.0078125, "clf__gamma": 3.0517578125e-05}, "densenet_svhn_CWL2_1": {"clf__nu": 0.011801746857814018, "clf__gamma": 0.01352803188999555}, "densenet_svhn_CWL2_2": {"clf__nu": 0.00892419025258001, "clf__gamma": 0.015484649653350144}, "densenet_svhn_CWL2_3": {"clf__nu": 0.014252149208937248, "clf__gamma": 0.007181131890977293}, "resnet_cifar10_FGSM_0": {"clf__nu": 0.0078125, "clf__gamma": 3.0517578125e-05}, "resnet_cifar10_FGSM_1": {"clf__nu": 0.0078125, "clf__gamma": 3.0517578125e-05}, "resnet_cifar10_FGSM_2": {"clf__nu": 0.008424865610561699, "clf__gamma": 7.693218243176811e-05}, "resnet_cifar10_FGSM_3": {"clf__nu": 0.030607043487258016, "clf__gamma": 0.009417326801817422}, "resnet_cifar10_FGSM_4": {"clf__nu": 0.0078125, "clf__gamma": 0.002245914050294443}, "resnet_cifar10_BIM_0": {"clf__nu": 0.0078125, "clf__gamma": 3.0517578125e-05}, "resnet_cifar10_BIM_1": {"clf__nu": 0.029481644755299328, "clf__gamma": 0.00769834959291055}, "resnet_cifar10_BIM_2": {"clf__nu": 0.04124379285848928, "clf__gamma": 3.0517578125e-05}, "resnet_cifar10_BIM_3": {"clf__nu": 0.040854191266485713, "clf__gamma": 0.0010146688679836104}, "resnet_cifar10_BIM_4": {"clf__nu": 0.010386305376074576, "clf__gamma": 0.0036314549964605305}, "resnet_cifar10_DeepFool_0": {"clf__nu": 0.007815676832364987, "clf__gamma": 3.158064419941726e-05}, "resnet_cifar10_DeepFool_1": {"clf__nu": 0.05586860215969464, "clf__gamma": 0.0003501110437868705}, "resnet_cifar10_DeepFool_2": {"clf__nu": 0.071490624204305, "clf__gamma": 0.00922702642451996}, "resnet_cifar10_DeepFool_3": {"clf__nu": 0.07930435789298669, "clf__gamma": 0.005222627357116666}, "resnet_cifar10_DeepFool_4": {"clf__nu": 0.07150748134102383, "clf__gamma": 4.7306898439322075e-05}, "resnet_cifar10_CWL2_0": {"clf__nu": 0.0078125, "clf__gamma": 3.0517578125e-05}, "resnet_cifar10_CWL2_1": {"clf__nu": 0.1009593716643268, "clf__gamma": 0.005921788466358136}, "resnet_cifar10_CWL2_2": {"clf__nu": 0.09720177814050804, "clf__gamma": 0.0005526020941016696}, "resnet_cifar10_CWL2_3": {"clf__nu": 0.09636038982160913, "clf__gamma": 0.009348552088334329}, "resnet_cifar10_CWL2_4": {"clf__nu": 0.0078125, "clf__gamma": 0.004598212630673018}, "resnet_cifar100_FGSM_0": {"clf__nu": 0.0078125, "clf__gamma": 9.768630421445538e-05}, "resnet_cifar100_FGSM_1": {"clf__nu": 0.019275641392949718, "clf__gamma": 3.2334029714684956e-05}, "resnet_cifar100_FGSM_2": {"clf__nu": 0.02541221940926512, "clf__gamma": 0.0005576131041802669}, "resnet_cifar100_FGSM_3": {"clf__nu": 0.04598955202035342, "clf__gamma": 0.0010056512189729678}, "resnet_cifar100_FGSM_4": {"clf__nu": 0.04289393432668002, "clf__gamma": 0.0012773633215926216}, "resnet_cifar100_BIM_0": {"clf__nu": 0.0078125, "clf__gamma": 3.120478530979652e-05}, "resnet_cifar100_BIM_1": {"clf__nu": 0.11963300254417734, "clf__gamma": 0.00106933107995046}, "resnet_cifar100_BIM_2": {"clf__nu": 0.1290970676658534, "clf__gamma": 0.00011022144273540644}, "resnet_cifar100_BIM_3": {"clf__nu": 0.06902838165642283, "clf__gamma": 0.0023614493960157548}, "resnet_cifar100_BIM_4": {"clf__nu": 0.11793124728964524, "clf__gamma": 0.0006208863162040589}, "resnet_cifar100_DeepFool_0": {"clf__nu": 0.0078125, "clf__gamma": 3.0517578125e-05}, "resnet_cifar100_DeepFool_1": {"clf__nu": 0.11023704499979396, "clf__gamma": 0.003282065556319759}, "resnet_cifar100_DeepFool_2": {"clf__nu": 0.03705296824670989, "clf__gamma": 0.009026030928368635}, "resnet_cifar100_DeepFool_3": {"clf__nu": 0.07240258040386367, "clf__gamma": 3.0517578125e-05}, "resnet_cifar100_DeepFool_4": {"clf__nu": 0.15835027417497896, "clf__gamma": 5.4267071916327827e-05}, "resnet_cifar100_CWL2_0": {"clf__nu": 0.0078125, "clf__gamma": 3.0517578125e-05}, "resnet_cifar100_CWL2_1": {"clf__nu": 0.015366088865911162, "clf__gamma": 0.043186556611479986},